uav_id,x_pos,y_pos
0,1.4004833883109549,0.5828053580583444
1,0.07387303687369218,0.862814518108009
